Dept,Female,Male
Administration,87071.87368421053,96170.74489795919
Engineering,90774.95505617978,101433.0
Management,92679.01149425287,99482.2972972973
Operations,86456.15625,93118.43859649122
Sales,92867.07920792079,102349.48113207547
