Education,Female,Male
College,86286.64227642276,98214.00847457627
High School,86027.05303030302,91417.2030075188
Masters,92537.80373831776,101227.61073825504
PhD,96442.1320754717,102642.11363636363
