JobTitle,Female,Male
Data Scientist,95704.7924528302,89222.62962962964
Driver,86867.63043478261,91952.66666666667
Financial Analyst,95458.32653061225,94607.03448275862
Graphic Designer,92243.29166666667,89595.8
IT,90475.72,91021.97826086957
Marketing Associate,76119.17757009345,81881.81818181818
Sales Associate,91894.20930232559,94663.11764705883
Software Engineer,94701.0,106371.48514851485
Warehouse Associate,92428.26086956522,86553.43181818182
